Workbook

Sheet Component_Specs
A1: Rail | B1: Component | C1: Type | D1: System | E1: Continuous Current (A) | F1: Continuous Power (W) | G1: Peak Current | H1: Peak Power
A2: 24 | B2: Wheel Motor 1 | C2: Wheel Motors | D2: Rover | E2: 3 | F2: =A2*E2 -> 72 | G2: 30 | H2: =A2*G2 -> 720 | K2: Arm Config
A3: 24 | B3: Wheel Motor 2 | C3: Wheel Motors | D3: Rover | E3: 3 | F3: =A3*E3 -> 72 | G3: 30 | H3: =A3*G3 -> 720 | K3: Continuous Current | L3: =SUMIF($D$2:$D$23,"Rover",$E$2:$E$23) + SUMIF($D$2:$D$23,"Arm",$E$2:$E$23) -> 39.3
A4: 24 | B4: Wheel Motor 3 | C4: Wheel Motors | D4: Rover | E4: 3 | F4: =A4*E4 -> 72 | G4: 30 | H4: =A4*G4 -> 720 | K4: Continuous Power | L4: =SUMIF($D$2:$D$23,"Rover",$F$2:$F$23) + SUMIF($D$2:$D$23,"Arm",$F$2:$F$23) -> 893.5
A5: 24 | B5: Wheel Motor 4 | C5: Wheel Motors | D5: Rover | E5: 3 | F5: =A5*E5 -> 72 | G5: 30 | H5: =A5*G5 -> 720
A6: 24 | B6: Arm Motor 1 | C6: Arm Motors | D6: Arm | E6: 8.3 | F6: =A6*E6 -> 199.2 | G6: 35 | H6: =A6*G6 -> 840
A7: 24 | B7: Arm Motor 2 | C7: Arm Motors | D7: Arm | E7: 6.7 | F7: =A7*E7 -> 160.8 | G7: 35 | H7: =A7*G7 -> 840 | K7: LD Config
A8: 24 | B8: Arm Motor 3 | C8: Arm Motors | D8: Arm | E8: 6.5 | F8: =A8*E8 -> 156 | G8: 35 | H8: =A8*G8 -> 840 | K8: Continuous Current | L8: =SUMIF($D$2:$D$23,"Rover",$E$2:$E$23) + SUMIF($D$2:$D$23,"LD",$E$2:$E$23) -> 52.6
A9: 24 | B9: Extra Value | C9: Arm Motors | D9: Arm | E9: 0.8 | F9: =A9*E9 -> 19.2 | G9: 35 | H9: =A9*G9 -> 840 | K9: Continuous Power | L9: =SUMIF($D$2:$D$23,"Rover",$F$2:$F$23) + SUMIF($D$2:$D$23,"LD",$F$2:$F$23) -> 1138.4
A10: 24 | B10: LD Drill | C10: LD Drill | D10: LD | E10: 16 | F10: =A10*E10 -> 384 | G10: 30 | H10: =A10*G10 -> 720
A11: 24 | B11: Misc. LD Actuator | C11: LD Other | D11: LD | E11: 8 | F11: =A11*E11 -> 192 | G11: 16 | H11: =A11*G11 -> 384
A12: 24 | B12: Misc. LD Actuator | C12: LD Other | D12: LD | E12: 8 | F12: =A12*E12 -> 192 | G12: 16 | H12: =A12*G12 -> 384
A13: 24 | B13: WifiAP | C13: Comm & Compute | D13: Rover | E13: 1 | F13: =A13*E13 -> 24 | G13: 2 | H13: =A13*G13 -> 48
A14: 19 | B14: Jetson | C14: Comm & Compute | D14: Rover | E14: 2 | F14: =A14*E14 -> 38 | G14: 3 | H14: =A14*G14 -> 57
A15: 5 | B15: OpenCR | C15: Comm & Compute | D15: Rover | E15: 1 | F15: =A15*E15 -> 5 | G15: 5 | H15: =A15*G15 -> 25
A16: 3.3 | B16: GNSS RTK | C16: Comm & Compute | D16: Rover | E16: 0.5 | F16: =A16*E16 -> 1.65 | G16: 1 | H16: =A16*G16 -> 3.3
A17: 3.3 | B17: Environmental Sensor | C17: Comm & Compute | D17: Rover | E17: 0.5 | F17: =A17*E17 -> 1.65 | G17: 1 | H17: =A17*G17 -> 3.3
A18: 3.3 | B18: Misc. LD Sensor | C18: LD Other | D18: LD | E18: 0.5 | F18: =A18*E18 -> 1.65 | G18: 1 | H18: =A18*G18 -> 3.3
A19: 3.3 | B19: Misc. LD Sensor | C19: LD Other | D19: LD | E19: 0.5 | F19: =A19*E19 -> 1.65 | G19: 1 | H19: =A19*G19 -> 3.3
A20: 3.3 | B20: Misc. LD Sensor | C20: LD Other | D20: LD | E20: 0.5 | F20: =A20*E20 -> 1.65 | G20: 1 | H20: =A20*G20 -> 3.3
A21: 3.3 | B21: Misc. LD Sensor | C21: LD Other | D21: LD | E21: 0.5 | F21: =A21*E21 -> 1.65 | G21: 1 | H21: =A21*G21 -> 3.3
... A23: 3.5 | B23: LD Lamp | C23: LD Other | D23: LD | E23: 1.1 | F23: =A23*E23 -> 3.85 | G23: 2 | H23: =A23*G23 -> 7

Sheet Mission_Phases
A1: Science Mission | B1: 30 minutes
A2: Phase | B2: Duration
A3: Traverse | B3: 5
A4: Life-Detection Ops Drill | B4: 10
A5: Life-Detection Ops Other | B5: 10
A6: Return | B6: 5
A8: Delivery Mission | B8: 60 minutes
A9: Traverse 1 | B9: 10
A10: Arm Task 1 | B10: 10
A11: Traverse 2 | B11: 10
A12: Arm Task 2 | B12: 10
A13: Traverse 3 | B13: 10
A14: Arm Task 3 | B14: 10
A16: Equipment Servicing Mission | B16: 30 minutes
A17: Traverse | B17: 5
A18: Arm Operation | B18: 25
A20: Autonomous Navigation Mission | B20: 30 minutes
A21: Traverse | B21: 30

Sheet Duty_Factor_Matrix
B1: Science Mission | F1: Delivery Mission | L1: Equipment Servicing Mission | N1: Autonomous Navigation
B2: Traverse | C2: Life-Detection Ops Drill | D2: Life-Detection Ops Other | E2: Return | F2: Traverse 1 | G2: Arm Task 1 | H2: Traverse 2 | I2: Arm Task 2 | J2: Traverse 3 | K2: Arm Task 3 | L2: Traverse | M2: Arm Operation | N2: Traverse
A3: Wheel Motors | B3: 1 | C3: 0.1 | D3: 0.1 | E3: 1 | F3: 1 | G3: 0.2 | H3: 1 | I3: 0.2 | J3: 1 | K3: 0.2 | L3: 1 | M3: 0.2 | N3: 1
A4: Arm Motors | B4: 0 | C4: 0 | D4: 0 | E4: 0 | F4: 0 | G4: 0.3 | H4: 0.05 | I4: 0.3 | J4: 0.05 | K4: 0.3 | L4: 0.05 | M4: 0.3 | N4: 0
A5: LD Drill | B5: 0 | C5: 1 | D5: 0 | E5: 0 | F5: 0 | G5: 0 | H5: 0 | I5: 0 | J5: 0 | K5: 0 | L5: 0 | M5: 0 | N5: 0
A6: LD Other | B6: 0 | C6: 0.5 | D6: 1 | E6: 0 | F6: 0 | G6: 0 | H6: 0 | I6: 0 | J6: 0 | K6: 0 | L6: 0 | M6: 0 | N6: 0
A7: Comm & Compute | B7: 1 | C7: 1 | D7: 1 | E7: 1 | F7: 1 | G7: 1 | H7: 1 | I7: 1 | J7: 1 | K7: 1 | L7: 1 | M7: 1 | N7: 1
A9: Phase Continuous Current Draw | B9: =(SUMIF(Component_Specs!$C$2:$C$23,$A$3,Component_Specs!$E$2:$E$23)*B$3) +(SUMIF(Component_Specs!$C$2:$C$23,$A$4,Component_Specs!$E$2:$E$23)*B$4) +(SUMIF(Component_Specs!$C$2:$C$23,$A$5,Component_Specs!$E$2:$E$23)*B$5) +(SUMIF(Component_Specs!$C$2:$C$23,$A$6,Component_Specs!$E$2:$E$23)*B$6) +(SUMIF(Component_Specs!$C$2:$C$23,$A$7,Component_Specs!$E$2:$E$23)*B$7) -> 17 | C9: =(SUMIF(Component_Specs!$C$2:$C$23,$A$3,Component_Specs!$E$2:$E$23)*C$3) +(SUMIF(Component_Specs!$C$2:$C$23,$A$4,Component_Specs!$E$2:$E$23)*C$4) +(SUMIF(Component_Specs!$C$2:$C$23,$A$5,Component_Specs!$E$2:$E$23)*C$5) +(SUMIF(Component_Specs!$C$2:$C$23,$A$6,Component_Specs!$E$2:$E$23)*C$6) +(SUMIF(Component_Specs!$C$2:$C$23,$A$7,Component_Specs!$E$2:$E$23)*C$7) -> 32 | D9: =(SUMIF(Component_Specs!$C$2:$C$23,$A$3,Component_Specs!$E$2:$E$23)*D$3) +(SUMIF(Component_Specs!$C$2:$C$23,$A$4,Component_Specs!$E$2:$E$23)*D$4) +(SUMIF(Component_Specs!$C$2:$C$23,$A$5,Component_Specs!$E$2:$E$23)*D$5) +(SUMIF(Component_Specs!$C$2:$C$23,$A$6,Component_Specs!$E$2:$E$23)*D$6) +(SUMIF(Component_Specs!$C$2:$C$23,$A$7,Component_Specs!$E$2:$E$23)*D$7) -> 25.8 | E9: =(SUMIF(Component_Specs!$C$2:$C$23,$A$3,Component_Specs!$E$2:$E$23)*E$3) +(SUMIF(Component_Specs!$C$2:$C$23,$A$4,Component_Specs!$E$2:$E$23)*E$4) +(SUMIF(Component_Specs!$C$2:$C$23,$A$5,Component_Specs!$E$2:$E$23)*E$5) +(SUMIF(Component_Specs!$C$2:$C$23,$A$6,Component_Specs!$E$2:$E$23)*E$6) +(SUMIF(Component_Specs!$C$2:$C$23,$A$7,Component_Specs!$E$2:$E$23)*E$7) -> 17 | F9: =(SUMIF(Component_Specs!$C$2:$C$23,$A$3,Component_Specs!$E$2:$E$23)*F$3) +(SUMIF(Component_Specs!$C$2:$C$23,$A$4,Component_Specs!$E$2:$E$23)*F$4) +(SUMIF(Component_Specs!$C$2:$C$23,$A$5,Component_Specs!$E$2:$E$23)*F$5) +(SUMIF(Component_Specs!$C$2:$C$23,$A$6,Component_Specs!$E$2:$E$23)*F$6) +(SUMIF(Component_Specs!$C$2:$C$23,$A$7,Component_Specs!$E$2:$E$23)*F$7) -> 17 | G9: =(SUMIF(Component_Specs!$C$2:$C$23,$A$3,Component_Specs!$E$2:$E$23)*G$3) +(SUMIF(Component_Specs!$C$2:$C$23,$A$4,Component_Specs!$E$2:$E$23)*G$4) +(SUMIF(Component_Specs!$C$2:$C$23,$A$5,Component_Specs!$E$2:$E$23)*G$5) +(SUMIF(Component_Specs!$C$2:$C$23,$A$6,Component_Specs!$E$2:$E$23)*G$6) +(SUMIF(Component_Specs!$C$2:$C$23,$A$7,Component_Specs!$E$2:$E$23)*G$7) -> 14.09 | H9: =(SUMIF(Component_Specs!$C$2:$C$23,$A$3,Component_Specs!$E$2:$E$23)*H$3) +(SUMIF(Component_Specs!$C$2:$C$23,$A$4,Component_Specs!$E$2:$E$23)*H$4) +(SUMIF(Component_Specs!$C$2:$C$23,$A$5,Component_Specs!$E$2:$E$23)*H$5) +(SUMIF(Component_Specs!$C$2:$C$23,$A$6,Component_Specs!$E$2:$E$23)*H$6) +(SUMIF(Component_Specs!$C$2:$C$23,$A$7,Component_Specs!$E$2:$E$23)*H$7) -> 18.115 | I9: =(SUMIF(Component_Specs!$C$2:$C$23,$A$3,Component_Specs!$E$2:$E$23)*I$3) +(SUMIF(Component_Specs!$C$2:$C$23,$A$4,Component_Specs!$E$2:$E$23)*I$4) +(SUMIF(Component_Specs!$C$2:$C$23,$A$5,Component_Specs!$E$2:$E$23)*I$5) +(SUMIF(Component_Specs!$C$2:$C$23,$A$6,Component_Specs!$E$2:$E$23)*I$6) +(SUMIF(Component_Specs!$C$2:$C$23,$A$7,Component_Specs!$E$2:$E$23)*I$7) -> 14.09 | ... N9: =(SUMIF(Component_Specs!$C$2:$C$23,$A$3,Component_Specs!$E$2:$E$23)*N$3) +(SUMIF(Component_Specs!$C$2:$C$23,$A$4,Component_Specs!$E$2:$E$23)*N$4) +(SUMIF(Component_Specs!$C$2:$C$23,$A$5,Component_Specs!$E$2:$E$23)*N$5) +(SUMIF(Component_Specs!$C$2:$C$23,$A$6,Component_Specs!$E$2:$E$23)*N$6) +(SUMIF(Component_Specs!$C$2:$C$23,$A$7,Component_Specs!$E$2:$E$23)*N$7) -> 17
A10: Phase Continuous Power | B10: =(SUMIF(Component_Specs!$C$2:$C$23,$A$3,Component_Specs!$F$2:$F$23)*B$3) +(SUMIF(Component_Specs!$C$2:$C$23,$A$4,Component_Specs!$F$2:$F$23)*B$4) +(SUMIF(Component_Specs!$C$2:$C$23,$A$5,Component_Specs!$F$2:$F$23)*B$5) +(SUMIF(Component_Specs!$C$2:$C$23,$A$6,Component_Specs!$F$2:$F$23)*B$6) +(SUMIF(Component_Specs!$C$2:$C$23,$A$7,Component_Specs!$F$2:$F$23)*B$7) -> 358.3 | C10: =(SUMIF(Component_Specs!$C$2:$C$23,$A$3,Component_Specs!$F$2:$F$23)*C$3) +(SUMIF(Component_Specs!$C$2:$C$23,$A$4,Component_Specs!$F$2:$F$23)*C$4) +(SUMIF(Component_Specs!$C$2:$C$23,$A$5,Component_Specs!$F$2:$F$23)*C$5) +(SUMIF(Component_Specs!$C$2:$C$23,$A$6,Component_Specs!$F$2:$F$23)*C$6) +(SUMIF(Component_Specs!$C$2:$C$23,$A$7,Component_Specs!$F$2:$F$23)*C$7) -> 681.15 | D10: =(SUMIF(Component_Specs!$C$2:$C$23,$A$3,Component_Specs!$F$2:$F$23)*D$3) +(SUMIF(Component_Specs!$C$2:$C$23,$A$4,Component_Specs!$F$2:$F$23)*D$4) +(SUMIF(Component_Specs!$C$2:$C$23,$A$5,Component_Specs!$F$2:$F$23)*D$5) +(SUMIF(Component_Specs!$C$2:$C$23,$A$6,Component_Specs!$F$2:$F$23)*D$6) +(SUMIF(Component_Specs!$C$2:$C$23,$A$7,Component_Specs!$F$2:$F$23)*D$7) -> 495.2 | E10: =(SUMIF(Component_Specs!$C$2:$C$23,$A$3,Component_Specs!$F$2:$F$23)*E$3) +(SUMIF(Component_Specs!$C$2:$C$23,$A$4,Component_Specs!$F$2:$F$23)*E$4) +(SUMIF(Component_Specs!$C$2:$C$23,$A$5,Component_Specs!$F$2:$F$23)*E$5) +(SUMIF(Component_Specs!$C$2:$C$23,$A$6,Component_Specs!$F$2:$F$23)*E$6) +(SUMIF(Component_Specs!$C$2:$C$23,$A$7,Component_Specs!$F$2:$F$23)*E$7) -> 358.3 | F10: =(SUMIF(Component_Specs!$C$2:$C$23,$A$3,Component_Specs!$F$2:$F$23)*F$3) +(SUMIF(Component_Specs!$C$2:$C$23,$A$4,Component_Specs!$F$2:$F$23)*F$4) +(SUMIF(Component_Specs!$C$2:$C$23,$A$5,Component_Specs!$F$2:$F$23)*F$5) +(SUMIF(Component_Specs!$C$2:$C$23,$A$6,Component_Specs!$F$2:$F$23)*F$6) +(SUMIF(Component_Specs!$C$2:$C$23,$A$7,Component_Specs!$F$2:$F$23)*F$7) -> 358.3 | G10: =(SUMIF(Component_Specs!$C$2:$C$23,$A$3,Component_Specs!$F$2:$F$23)*G$3) +(SUMIF(Component_Specs!$C$2:$C$23,$A$4,Component_Specs!$F$2:$F$23)*G$4) +(SUMIF(Component_Specs!$C$2:$C$23,$A$5,Component_Specs!$F$2:$F$23)*G$5) +(SUMIF(Component_Specs!$C$2:$C$23,$A$6,Component_Specs!$F$2:$F$23)*G$6) +(SUMIF(Component_Specs!$C$2:$C$23,$A$7,Component_Specs!$F$2:$F$23)*G$7) -> 288.46 | H10: =(SUMIF(Component_Specs!$C$2:$C$23,$A$3,Component_Specs!$F$2:$F$23)*H$3) +(SUMIF(Component_Specs!$C$2:$C$23,$A$4,Component_Specs!$F$2:$F$23)*H$4) +(SUMIF(Component_Specs!$C$2:$C$23,$A$5,Component_Specs!$F$2:$F$23)*H$5) +(SUMIF(Component_Specs!$C$2:$C$23,$A$6,Component_Specs!$F$2:$F$23)*H$6) +(SUMIF(Component_Specs!$C$2:$C$23,$A$7,Component_Specs!$F$2:$F$23)*H$7) -> 385.06 | I10: =(SUMIF(Component_Specs!$C$2:$C$23,$A$3,Component_Specs!$F$2:$F$23)*I$3) +(SUMIF(Component_Specs!$C$2:$C$23,$A$4,Component_Specs!$F$2:$F$23)*I$4) +(SUMIF(Component_Specs!$C$2:$C$23,$A$5,Component_Specs!$F$2:$F$23)*I$5) +(SUMIF(Component_Specs!$C$2:$C$23,$A$6,Component_Specs!$F$2:$F$23)*I$6) +(SUMIF(Component_Specs!$C$2:$C$23,$A$7,Component_Specs!$F$2:$F$23)*I$7) -> 288.46 | ... N10: =(SUMIF(Component_Specs!$C$2:$C$23,$A$3,Component_Specs!$F$2:$F$23)*N$3) +(SUMIF(Component_Specs!$C$2:$C$23,$A$4,Component_Specs!$F$2:$F$23)*N$4) +(SUMIF(Component_Specs!$C$2:$C$23,$A$5,Component_Specs!$F$2:$F$23)*N$5) +(SUMIF(Component_Specs!$C$2:$C$23,$A$6,Component_Specs!$F$2:$F$23)*N$6) +(SUMIF(Component_Specs!$C$2:$C$23,$A$7,Component_Specs!$F$2:$F$23)*N$7) -> 358.3
A11: Phase Peak Current Draw | B11: =(SUMIF(Component_Specs!$C$2:$C$23,$A$3,Component_Specs!$G$2:$G$23)*B$3) +(SUMIF(Component_Specs!$C$2:$C$23,$A$4,Component_Specs!$G$2:$G$23)*B$4) +(SUMIF(Component_Specs!$C$2:$C$23,$A$5,Component_Specs!$G$2:$G$23)*B$5) +(SUMIF(Component_Specs!$C$2:$C$23,$A$6,Component_Specs!$G$2:$G$23)*B$6) +(SUMIF(Component_Specs!$C$2:$C$23,$A$7,Component_Specs!$G$2:$G$23)*B$7) -> 132 | C11: =(SUMIF(Component_Specs!$C$2:$C$23,$A$3,Component_Specs!$G$2:$G$23)*C$3) +(SUMIF(Component_Specs!$C$2:$C$23,$A$4,Component_Specs!$G$2:$G$23)*C$4) +(SUMIF(Component_Specs!$C$2:$C$23,$A$5,Component_Specs!$G$2:$G$23)*C$5) +(SUMIF(Component_Specs!$C$2:$C$23,$A$6,Component_Specs!$G$2:$G$23)*C$6) +(SUMIF(Component_Specs!$C$2:$C$23,$A$7,Component_Specs!$G$2:$G$23)*C$7) -> 73.5 | D11: =(SUMIF(Component_Specs!$C$2:$C$23,$A$3,Component_Specs!$G$2:$G$23)*D$3) +(SUMIF(Component_Specs!$C$2:$C$23,$A$4,Component_Specs!$G$2:$G$23)*D$4) +(SUMIF(Component_Specs!$C$2:$C$23,$A$5,Component_Specs!$G$2:$G$23)*D$5) +(SUMIF(Component_Specs!$C$2:$C$23,$A$6,Component_Specs!$G$2:$G$23)*D$6) +(SUMIF(Component_Specs!$C$2:$C$23,$A$7,Component_Specs!$G$2:$G$23)*D$7) -> 63 | E11: =(SUMIF(Component_Specs!$C$2:$C$23,$A$3,Component_Specs!$G$2:$G$23)*E$3) +(SUMIF(Component_Specs!$C$2:$C$23,$A$4,Component_Specs!$G$2:$G$23)*E$4) +(SUMIF(Component_Specs!$C$2:$C$23,$A$5,Component_Specs!$G$2:$G$23)*E$5) +(SUMIF(Component_Specs!$C$2:$C$23,$A$6,Component_Specs!$G$2:$G$23)*E$6) +(SUMIF(Component_Specs!$C$2:$C$23,$A$7,Component_Specs!$G$2:$G$23)*E$7) -> 132 | F11: =(SUMIF(Component_Specs!$C$2:$C$23,$A$3,Component_Specs!$G$2:$G$23)*F$3) +(SUMIF(Component_Specs!$C$2:$C$23,$A$4,Component_Specs!$G$2:$G$23)*F$4) +(SUMIF(Component_Specs!$C$2:$C$23,$A$5,Component_Specs!$G$2:$G$23)*F$5) +(SUMIF(Component_Specs!$C$2:$C$23,$A$6,Component_Specs!$G$2:$G$23)*F$6) +(SUMIF(Component_Specs!$C$2:$C$23,$A$7,Component_Specs!$G$2:$G$23)*F$7) -> 132 | G11: =(SUMIF(Component_Specs!$C$2:$C$23,$A$3,Component_Specs!$G$2:$G$23)*G$3) +(SUMIF(Component_Specs!$C$2:$C$23,$A$4,Component_Specs!$G$2:$G$23)*G$4) +(SUMIF(Component_Specs!$C$2:$C$23,$A$5,Component_Specs!$G$2:$G$23)*G$5) +(SUMIF(Component_Specs!$C$2:$C$23,$A$6,Component_Specs!$G$2:$G$23)*G$6) +(SUMIF(Component_Specs!$C$2:$C$23,$A$7,Component_Specs!$G$2:$G$23)*G$7) -> 78 | H11: =(SUMIF(Component_Specs!$C$2:$C$23,$A$3,Component_Specs!$G$2:$G$23)*H$3) +(SUMIF(Component_Specs!$C$2:$C$23,$A$4,Component_Specs!$G$2:$G$23)*H$4) +(SUMIF(Component_Specs!$C$2:$C$23,$A$5,Component_Specs!$G$2:$G$23)*H$5) +(SUMIF(Component_Specs!$C$2:$C$23,$A$6,Component_Specs!$G$2:$G$23)*H$6) +(SUMIF(Component_Specs!$C$2:$C$23,$A$7,Component_Specs!$G$2:$G$23)*H$7) -> 139 | I11: =(SUMIF(Component_Specs!$C$2:$C$23,$A$3,Component_Specs!$G$2:$G$23)*I$3) +(SUMIF(Component_Specs!$C$2:$C$23,$A$4,Component_Specs!$G$2:$G$23)*I$4) +(SUMIF(Component_Specs!$C$2:$C$23,$A$5,Component_Specs!$G$2:$G$23)*I$5) +(SUMIF(Component_Specs!$C$2:$C$23,$A$6,Component_Specs!$G$2:$G$23)*I$6) +(SUMIF(Component_Specs!$C$2:$C$23,$A$7,Component_Specs!$G$2:$G$23)*I$7) -> 78 | ... N11: =(SUMIF(Component_Specs!$C$2:$C$23,$A$3,Component_Specs!$G$2:$G$23)*N$3) +(SUMIF(Component_Specs!$C$2:$C$23,$A$4,Component_Specs!$G$2:$G$23)*N$4) +(SUMIF(Component_Specs!$C$2:$C$23,$A$5,Component_Specs!$G$2:$G$23)*N$5) +(SUMIF(Component_Specs!$C$2:$C$23,$A$6,Component_Specs!$G$2:$G$23)*N$6) +(SUMIF(Component_Specs!$C$2:$C$23,$A$7,Component_Specs!$G$2:$G$23)*N$7) -> 132
A12: Phase Peak Power Draw | B12: =(SUMIF(Component_Specs!$C$2:$C$23,$A$3,Component_Specs!$H$2:$H$23)*B$3) +(SUMIF(Component_Specs!$C$2:$C$23,$A$4,Component_Specs!$H$2:$H$23)*B$4) +(SUMIF(Component_Specs!$C$2:$C$23,$A$5,Component_Specs!$H$2:$H$23)*B$5) +(SUMIF(Component_Specs!$C$2:$C$23,$A$6,Component_Specs!$H$2:$H$23)*B$6) +(SUMIF(Component_Specs!$C$2:$C$23,$A$7,Component_Specs!$H$2:$H$23)*B$7) -> 3016.6 | C12: =(SUMIF(Component_Specs!$C$2:$C$23,$A$3,Component_Specs!$H$2:$H$23)*C$3) +(SUMIF(Component_Specs!$C$2:$C$23,$A$4,Component_Specs!$H$2:$H$23)*C$4) +(SUMIF(Component_Specs!$C$2:$C$23,$A$5,Component_Specs!$H$2:$H$23)*C$5) +(SUMIF(Component_Specs!$C$2:$C$23,$A$6,Component_Specs!$H$2:$H$23)*C$6) +(SUMIF(Component_Specs!$C$2:$C$23,$A$7,Component_Specs!$H$2:$H$23)*C$7) -> 1540.35 | D12: =(SUMIF(Component_Specs!$C$2:$C$23,$A$3,Component_Specs!$H$2:$H$23)*D$3) +(SUMIF(Component_Specs!$C$2:$C$23,$A$4,Component_Specs!$H$2:$H$23)*D$4) +(SUMIF(Component_Specs!$C$2:$C$23,$A$5,Component_Specs!$H$2:$H$23)*D$5) +(SUMIF(Component_Specs!$C$2:$C$23,$A$6,Component_Specs!$H$2:$H$23)*D$6) +(SUMIF(Component_Specs!$C$2:$C$23,$A$7,Component_Specs!$H$2:$H$23)*D$7) -> 1216.1 | E12: =(SUMIF(Component_Specs!$C$2:$C$23,$A$3,Component_Specs!$H$2:$H$23)*E$3) +(SUMIF(Component_Specs!$C$2:$C$23,$A$4,Component_Specs!$H$2:$H$23)*E$4) +(SUMIF(Component_Specs!$C$2:$C$23,$A$5,Component_Specs!$H$2:$H$23)*E$5) +(SUMIF(Component_Specs!$C$2:$C$23,$A$6,Component_Specs!$H$2:$H$23)*E$6) +(SUMIF(Component_Specs!$C$2:$C$23,$A$7,Component_Specs!$H$2:$H$23)*E$7) -> 3016.6 | F12: =(SUMIF(Component_Specs!$C$2:$C$23,$A$3,Component_Specs!$H$2:$H$23)*F$3) +(SUMIF(Component_Specs!$C$2:$C$23,$A$4,Component_Specs!$H$2:$H$23)*F$4) +(SUMIF(Component_Specs!$C$2:$C$23,$A$5,Component_Specs!$H$2:$H$23)*F$5) +(SUMIF(Component_Specs!$C$2:$C$23,$A$6,Component_Specs!$H$2:$H$23)*F$6) +(SUMIF(Component_Specs!$C$2:$C$23,$A$7,Component_Specs!$H$2:$H$23)*F$7) -> 3016.6 | G12: =(SUMIF(Component_Specs!$C$2:$C$23,$A$3,Component_Specs!$H$2:$H$23)*G$3) +(SUMIF(Component_Specs!$C$2:$C$23,$A$4,Component_Specs!$H$2:$H$23)*G$4) +(SUMIF(Component_Specs!$C$2:$C$23,$A$5,Component_Specs!$H$2:$H$23)*G$5) +(SUMIF(Component_Specs!$C$2:$C$23,$A$6,Component_Specs!$H$2:$H$23)*G$6) +(SUMIF(Component_Specs!$C$2:$C$23,$A$7,Component_Specs!$H$2:$H$23)*G$7) -> 1720.6 | H12: =(SUMIF(Component_Specs!$C$2:$C$23,$A$3,Component_Specs!$H$2:$H$23)*H$3) +(SUMIF(Component_Specs!$C$2:$C$23,$A$4,Component_Specs!$H$2:$H$23)*H$4) +(SUMIF(Component_Specs!$C$2:$C$23,$A$5,Component_Specs!$H$2:$H$23)*H$5) +(SUMIF(Component_Specs!$C$2:$C$23,$A$6,Component_Specs!$H$2:$H$23)*H$6) +(SUMIF(Component_Specs!$C$2:$C$23,$A$7,Component_Specs!$H$2:$H$23)*H$7) -> 3184.6 | I12: =(SUMIF(Component_Specs!$C$2:$C$23,$A$3,Component_Specs!$H$2:$H$23)*I$3) +(SUMIF(Component_Specs!$C$2:$C$23,$A$4,Component_Specs!$H$2:$H$23)*I$4) +(SUMIF(Component_Specs!$C$2:$C$23,$A$5,Component_Specs!$H$2:$H$23)*I$5) +(SUMIF(Component_Specs!$C$2:$C$23,$A$6,Component_Specs!$H$2:$H$23)*I$6) +(SUMIF(Component_Specs!$C$2:$C$23,$A$7,Component_Specs!$H$2:$H$23)*I$7) -> 1720.6 | ... N12: =(SUMIF(Component_Specs!$C$2:$C$23,$A$3,Component_Specs!$H$2:$H$23)*N$3) +(SUMIF(Component_Specs!$C$2:$C$23,$A$4,Component_Specs!$H$2:$H$23)*N$4) +(SUMIF(Component_Specs!$C$2:$C$23,$A$5,Component_Specs!$H$2:$H$23)*N$5) +(SUMIF(Component_Specs!$C$2:$C$23,$A$6,Component_Specs!$H$2:$H$23)*N$6) +(SUMIF(Component_Specs!$C$2:$C$23,$A$7,Component_Specs!$H$2:$H$23)*N$7) -> 3016.6
A14: Ah | B14: =B9*Mission_Phases!$B3/60 -> 1.4166667 | C14: =C9*Mission_Phases!$B4/60 -> 5.3333333 | D14: =D9*Mission_Phases!$B5/60 -> 4.3 | E14: =E9*Mission_Phases!$B6/60 -> 1.4166667 | F14: =F9*Mission_Phases!$B9/60 -> 2.8333333 | G14: =G9*Mission_Phases!$B10/60 -> 2.3483333 | H14: =H9*Mission_Phases!$B11/60 -> 3.0191667 | I14: =I9*Mission_Phases!$B12/60 -> 2.3483333 | J14: =J9*Mission_Phases!$B13/60 -> 3.0191667 | K14: =K9*Mission_Phases!$B14/60 -> 2.3483333 | L14: =L9*Mission_Phases!$B17/60 -> 1.5095833 | M14: =M9*Mission_Phases!$B18/60 -> 5.8708333 | N14: =N9*Mission_Phases!$B21/60 -> 8.5
A15: Wh | B15: =B10*Mission_Phases!B3/60 -> 29.858333 | C15: =C10*Mission_Phases!B4/60 -> 113.525 | D15: =D10*Mission_Phases!B5/60 -> 82.533333 | E15: =E10*Mission_Phases!B6/60 -> 29.858333 | F15: =F10*Mission_Phases!B9/60 -> 59.716667 | G15: =G10*Mission_Phases!$B10/60 -> 48.076667 | H15: =H10*Mission_Phases!$B11/60 -> 64.176667 | I15: =I10*Mission_Phases!$B12/60 -> 48.076667 | J15: =J10*Mission_Phases!$B13/60 -> 64.176667 | K15: =K10*Mission_Phases!$B14/60 -> 48.076667 | L15: =L10*Mission_Phases!$B17/60 -> 32.088333 | M15: =M10*Mission_Phases!$B18/60 -> 120.19167 | N15: =N10*Mission_Phases!$B21/60 -> 179.15
A16: Total Wh For Phase | B16: =SUM(B15:E15) -> 255.775 | F16: =SUM(F15:K15) -> 332.3 | L16: =SUM(L15:M15) -> 152.28 | N16: =N15 -> 179.15
A17: Total Ah For Phase | B17: =SUM(B14:E14) -> 12.466667 | F17: =SUM(F14:K14) -> 15.916667 | L17: =SUM(L14:M14) -> 7.3804167 | N17: =N14 -> 8.5
A18: Max Continuous Current | B18: =MAX(B9:E9) -> 32 | F18: =MAX(F9:K9) -> 18.115 | L18: =MAX(L9:M9) -> 18.115 | N18: =N9 -> 17
